NOC_,height_mean,height_median,weight_mean,weight_median
AFG,72.53968253968254,-1.0,31.38888888888889,-1.0
AHO,114.10126582278481,171.0,48.822784810126585,67.0
ALB,140.68571428571428,168.0,62.17142857142857,67.0
ALG,154.61343012704174,175.0,60.851179673321234,65.0
AND,138.55621301775147,173.0,56.23076923076923,65.0
ANG,163.43820224719101,175.0,67.95131086142322,70.0
ANT,151.28571428571428,175.0,57.58646616541353,66.0
ANZ,52.73255813953488,-1.0,8.104651162790697,-1.0
ARG,122.19745222929936,170.0,49.93084622383986,65.0
ARM,162.54751131221718,170.0,69.72624434389141,69.0
ARU,169.07142857142858,171.0,69.47619047619048,66.5
ASA,99.27027027027027,168.0,56.7027027027027,74.0
AUS,155.9380727939251,175.0,62.72977219167321,69.0
AUT,111.62166893600467,170.0,45.61563898074304,63.0
AZE,168.42049469964664,171.0,66.12720848056537,66.0
BAH,167.89839572192514,178.0,68.60427807486631,74.5
BAN,144.9090909090909,167.0,53.4,60.0
BAR,154.70319634703196,175.0,63.337899543378995,71.0
BDI,168.17948717948718,171.0,59.07692307692308,60.0
BEL,81.44023852735286,-1.0,31.859217008037334,-1.0
BEN,146.61971830985917,175.0,56.16901408450704,65.0
BER,115.13207547169812,172.0,46.089622641509436,66.0
BHU,133.94444444444446,163.0,48.388888888888886,57.0
BIH,149.1417910447761,175.0,64.81343283582089,67.0
BIZ,168.10526315789474,175.0,65.53947368421052,67.0
BLR,166.50867375489648,173.0,66.41158365976497,66.0
BOH,5.862745098039215,-1.0,-1.0,-1.0
BOL,129.35526315789474,167.5,48.86184210526316,59.0
BOT,164.0222222222222,175.0,62.888888888888886,65.5
BRA,155.21465696465697,176.0,59.93477130977131,68.0
BRN,145.73809523809524,170.0,56.62698412698413,65.0
BRU,149.4,166.5,59.3,62.0
BUL,148.11048158640227,170.0,58.75028328611898,63.0
BUR,147.8409090909091,175.5,60.75,68.0
CAF,125.46268656716418,172.0,48.17910447761194,62.0
CAM,150.74603174603175,165.0,54.42857142857143,60.0
CAN,145.95931367512586,173.0,57.98525634439535,66.0
CAY,157.75903614457832,178.0,65.8433734939759,75.0
CGO,136.1238095238095,170.0,51.60952380952381,62.0
CHA,146.2439024390244,174.0,54.41463414634146,60.0
CHI,101.35783783783783,165.0,39.726486486486486,56.0
CHN,163.99183038319393,172.0,63.10552421707839,65.0
CIV,145.16062176165804,173.0,58.36787564766839,68.0
CMR,144.52884615384616,172.0,60.71474358974359,68.5
COD,126.05376344086021,173.0,45.69892473118279,63.0
COK,158.4,170.0,73.35,72.0
COL,155.52572497661365,169.0,58.63657623947615,63.0
COM,134.68421052631578,165.0,50.31578947368421,60.0
CPV,175.88888888888889,179.0,62.888888888888886,65.0
CRC,138.4469696969697,172.0,53.678030303030305,64.5
CRO,174.97260273972603,183.0,77.75913242009132,81.0
CRT,-1.0,-1.0,-1.0,-1.0
CUB,155.96208148446954,173.0,65.54282640849804,70.0
CYP,149.82666666666665,175.0,60.6,70.0
CZE,177.88260405549627,178.0,73.10832443970118,71.0
DEN,90.16050420168067,162.0,34.99327731092437,-1.0
DJI,141.28947368421052,170.0,47.60526315789474,57.0
DMA,165.6315789473684,173.0,63.89473684210526,68.0
DOM,131.57039711191337,168.0,53.238267148014444,62.0
ECU,159.956678700361,169.0,62.15884476534296,62.0
EGY,95.17755856966708,162.0,42.652589395807645,57.0
ERI,146.09302325581396,166.0,48.093023255813954,56.0
ESA,134.35321100917432,166.0,49.8348623853211,57.0
ESP,144.09486166007906,172.0,56.85027291549031,66.0
EST,164.68835616438355,179.0,68.05764840182648,72.0
ETH,158.45238095238096,170.0,53.26190476190476,56.0
EUN,146.97916666666666,174.0,60.93518518518518,68.0
FIJ,158.19396551724137,175.0,69.59482758620689,73.0
FIN,142.45619169562832,173.0,57.026888604353395,66.0
FRA,113.26579401160056,168.0,43.40245336259602,59.0
FRG,175.32458521870288,178.0,71.30346907993967,72.0
FSM,155.0,157.0,58.46153846153846,62.0
GAB,157.8095238095238,172.0,66.6984126984127,69.0
GAM,121.53571428571429,165.0,50.089285714285715,61.0
GBR,113.51778720626632,168.0,45.264849869451695,60.0
GBS,161.38095238095238,167.0,63.857142857142854,63.0
GDR,173.8843100189036,175.0,69.36275992438563,69.0
GEO,174.3951048951049,173.5,75.93356643356644,73.0
GEQ,97.475,158.0,40.275,61.5
GER,133.56571719226858,172.0,53.828077314343844,65.0
GHA,146.6016713091922,172.0,58.1142061281337,68.0
GRE,106.30713612071676,167.0,43.15011002829299,57.0
GRN,116.44444444444444,165.0,44.68518518518518,58.0
GUA,132.2635294117647,169.0,49.383529411764705,59.0
GUI,146.68493150684932,172.0,57.78082191780822,65.0
GUM,129.01785714285714,173.0,54.69642857142857,68.5
GUY,143.50980392156862,172.5,58.431372549019606,63.0
HAI,117.82075471698113,167.5,48.20754716981132,60.0
HKG,157.04233576642335,170.0,58.6014598540146,63.0
HON,127.37037037037037,170.0,49.370370370370374,60.0
HUN,125.52368699863781,170.0,51.12797033449372,63.0
INA,138.04368932038835,165.0,51.38592233009709,60.0
IND,108.24786931818181,164.0,41.43643465909091,56.0
IOA,127.7872340425532,171.0,52.744680851063826,64.5
IRI,151.00126742712294,172.0,65.26615969581749,68.0
IRL,139.7509433962264,174.0,54.97735849056604,64.0
IRQ,121.875,170.0,55.439655172413794,68.0
ISL,125.72886762360447,177.0,53.31897926634769,68.0
ISR,153.85563909774436,171.0,59.19248120300752,65.0
ISV,145.06802721088437,175.0,59.744897959183675,68.0
ITA,131.36817545496967,170.0,50.8832477834811,64.0
IVB,150.6888888888889,178.0,65.4888888888889,70.0
JAM,168.8561320754717,175.0,66.79481132075472,67.5
JOR,149.2375,171.0,59.03125,67.0
JPN,150.43154902889626,167.0,56.08633349123638,60.0
KAZ,166.32750174947515,176.0,66.59412176347095,68.0
KEN,156.29663212435233,172.0,58.402849740932645,62.0
KGZ,156.77533039647577,176.0,64.79295154185021,70.0
KIR,166.9090909090909,167.0,78.36363636363636,70.0
KOR,149.55443548387098,170.0,58.045698924731184,63.0
KOS,173.5,170.0,63.875,60.5
KSA,140.58695652173913,170.5,53.87826086956522,65.0
KUW,136.18661971830986,172.0,58.07218309859155,68.0
LAO,157.12962962962962,166.0,54.53703703703704,57.0
LAT,147.54258675078864,178.0,64.34910620399579,74.0
LBA,116.01190476190476,167.0,48.535714285714285,60.0
LBR,126.41891891891892,170.0,46.9054054054054,59.0
LCA,168.60714285714286,177.5,63.142857142857146,65.0
LES,129.0151515151515,166.5,47.78787878787879,55.0
LIB,117.1854103343465,169.0,48.80243161094225,64.0
LIE,130.85365853658536,172.0,52.33604336043361,68.0
LTU,167.82110091743118,179.0,70.91590214067278,74.0
LUX,73.44377510040161,-1.0,29.800200803212853,-1.0
MAD,158.49579831932772,166.0,57.91596638655462,57.0
MAL,43.86666666666667,-1.0,20.72222222222222,-1.0
MAR,150.04105571847506,172.0,58.551319648093845,64.0
MAS,148.81132075471697,168.0,56.094339622641506,63.0
MAW,152.51724137931035,169.0,60.206896551724135,65.0
MDA,166.94017094017093,175.0,70.24786324786325,70.0
MDV,140.22448979591837,162.0,46.97959183673469,52.0
MEX,145.19479166666667,170.0,52.78836805555556,62.0
MGL,149.64545454545456,168.0,58.78909090909091,63.0
MHL,156.42857142857142,168.0,65.21428571428571,66.5
MKD,151.85714285714286,175.0,59.29761904761905,65.5
MLI,119.41304347826087,176.0,38.58695652173913,50.0
MLT,123.5677966101695,167.5,47.45762711864407,59.5
MNE,183.56382978723406,185.0,84.82978723404256,86.0
MON,123.1725888324873,171.0,53.65989847715736,68.0
MOZ,125.88461538461539,168.5,41.17948717948718,61.0
MRI,134.15972222222223,171.0,53.18055555555556,64.0
MTN,167.58620689655172,172.0,67.34482758620689,69.0
MYA,140.51351351351352,164.0,51.37837837837838,55.0
NAM,159.3116883116883,170.0,59.51948051948052,60.0
NBO,-1.0,-1.0,-1.0,-1.0
NCA,106.16279069767442,160.0,42.565891472868216,54.0
NED,116.02877205000857,171.0,46.843980133584516,63.0
NEP,148.11702127659575,163.0,53.297872340425535,56.5
NFL,170.0,170.0,57.0,57.0
NGR,148.22108843537416,172.0,60.69501133786848,66.0
NIG,91.23404255319149,163.0,33.808510638297875,51.0
NOR,119.42963709677419,172.0,44.945362903225806,62.0
NRU,141.30769230769232,165.0,95.84615384615384,90.0
NZL,157.06319385140904,176.0,61.50213492741247,70.0
OMA,164.4848484848485,172.0,63.07575757575758,65.0
PAK,113.22064056939502,169.0,46.27758007117438,64.0
PAN,147.0071942446043,169.0,59.37410071942446,60.0
PAR,131.85925925925926,173.0,55.28888888888889,66.0
PER,133.18984962406014,170.0,53.87406015037594,65.0
PHI,128.80835734870317,165.0,46.80331412103747,57.0
PLE,145.28571428571428,167.0,54.0,60.0
PLW,158.8,163.0,64.72,63.0
PNG,159.3148148148148,168.0,61.2962962962963,63.0
POL,162.28725632350572,174.0,65.64443370388271,68.0
POR,127.42838370565046,170.0,49.26445466491459,61.0
PRK,129.3283767038414,160.0,46.33085501858736,55.5
PUR,139.66127292340886,173.0,58.04422869471413,66.0
QAT,159.64583333333334,177.0,67.05729166666667,70.0
RHO,169.33333333333334,172.0,65.41666666666667,62.0
ROT,169.91666666666666,171.0,63.416666666666664,60.0
ROU,137.13371169125992,170.0,53.90408626560726,64.0
RSA,111.95558153126827,169.0,45.360023378141435,60.0
RUS,165.80828310324713,175.0,66.27863114913475,68.0
RWA,107.58928571428571,160.0,39.392857142857146,52.0
SAA,4.182795698924731,-1.0,0.8064516129032258,-1.0
SAM,127.38095238095238,171.0,67.21428571428571,75.0
SCG,179.28971962616822,188.0,79.42367601246106,83.0
SEN,156.206106870229,178.0,65.65394402035624,71.0
SEY,158.00900900900902,177.0,62.270270270270274,68.0
SGP,127.68767908309455,166.0,47.96275071633238,58.0
SKN,162.61904761904762,175.0,64.69047619047619,69.0
SLE,156.73684210526315,176.0,59.69298245614035,68.0
SLO,164.55355535553556,176.0,66.8982898289829,68.0
SMR,152.9889502762431,175.0,63.65745856353591,70.0
SOL,80.96296296296296,-1.0,42.7037037037037,58.0
SOM,148.34375,175.0,54.1875,63.0
SRB,184.63520408163265,185.0,80.12244897959184,80.0
SRI,142.74657534246575,168.0,51.32876712328767,58.0
SSD,173.33333333333334,180.0,63.333333333333336,60.0
STP,172.33333333333334,175.0,63.53333333333333,63.0
SUD,149.38317757009347,172.0,57.18691588785047,64.0
SUI,119.11723577235773,169.0,47.45089430894309,62.0
SUR,141.3913043478261,168.0,52.46376811594203,63.0
SVK,175.62274881516586,180.0,72.79336492890995,73.0
SWE,115.66962465523444,170.0,46.45347163928528,63.0
SWZ,140.62686567164178,169.0,54.492537313432834,64.0
SYR,85.6025641025641,-1.0,41.52564102564103,51.0
TAN,156.91925465838509,168.0,59.869565217391305,61.0
TCH,109.04859218891916,166.0,44.1244323342416,59.0
TGA,140.1086956521739,178.0,80.93478260869566,79.5
THA,151.35073627844713,167.0,55.6954484605087,59.0
TJK,162.02857142857144,171.0,70.61428571428571,71.5
TKM,170.0185185185185,171.5,70.29629629629629,69.0
TLS,161.44444444444446,165.0,36.666666666666664,48.0
TOG,155.03389830508473,170.0,59.96610169491525,69.0
TPE,162.93436645396537,169.0,62.6253418413856,62.0
TTO,164.16,176.0,67.74533333333333,73.0
TUN,167.96791443850267,176.0,69.37611408199643,70.0
TUR,123.53613569321534,168.0,49.908554572271385,60.0
TUV,94.28571428571429,140.0,52.57142857142857,62.0
UAE,155.77083333333334,172.5,60.93055555555556,66.0
UAR,1.9593495934959348,-1.0,4.487804878048781,-1.0
UGA,147.43076923076924,170.0,55.32692307692308,61.0
UKR,166.2461899179367,174.0,65.30871434153967,65.0
UNK,-1.0,-1.0,-1.0,-1.0
URS,152.76499560246262,173.0,61.95883905013193,69.0
URU,105.22743055555556,166.0,43.515625,61.0
USA,138.90913912905108,173.0,54.822433211336836,66.0
UZB,162.78383838383837,175.0,67.95656565656566,69.0
VAN,149.82857142857142,166.0,53.4,60.0
VEN,148.7718918918919,170.0,59.645405405405405,66.0
VIE,156.5064935064935,165.0,54.9025974025974,56.0
VIN,96.5,165.0,36.095238095238095,56.5
VNM,101.20967741935483,162.0,35.403225806451616,51.0
WIF,178.0,178.0,72.15,70.5
YAR,152.0909090909091,167.0,59.54545454545455,65.0
YEM,131.0,165.0,46.40625,56.5
YMD,69.4,-1.0,37.6,54.0
YUG,113.75648470770422,170.0,47.471157568718546,65.0
ZAM,120.5846994535519,170.0,49.91803278688525,60.0
ZIM,160.4694533762058,175.0,63.266881028938904,65.0
